Product_ID,Sale_Date,Sales_Rep,City,Sales_Amount,Product_Category,Customer_Type,Discount,Payment_Method,Sales_Channel
1675,2024-09-27,Ben,Cardiff,854.3,Clothing,Returning,1,Card,Online
1125,2023-09-25,Rosie,Glasgow,5255.3,Electronics,New,2,Card,Online
1099,2024-09-03,Mark,Swansea,3081.3,Furniture,Returning,18,Card,In-person
1882,2025-01-27,Rosie,Edinburgh,8987.5,Food,Returning,1,Card,In-person
1374,2023-06-29,Lillie,Cardiff,622.1,Clothing,New,20,Card,Online
1144,2023-02-03,Mark,Swansea,4814.1,Food,New,15,Card,Online
1009,2024-03-31,Jack,Swansea,4619.3,Clothing,New,3,Card,In-person
1958,2025-08-10,Kate,Belfast,306.5,Clothing,New,21,Card,Online
1762,2025-04-19,David,Glasgow,3939.2,Food,Returning,12,Card,Online
1697,2025-09-04,Lillie,Swansea,3325.3,Clothing,Returning,20,Cash,In-person
1263,2025-02-16,David,Glasgow,8173.6,Electronics,New,6,Cash,In-person
1874,2025-06-16,Lillie,Glasgow,1834.3,Food,New,2,Card,Online
1332,2023-08-14,David,Belfast,5760.6,Furniture,New,7,Cash,Online
1509,2025-03-07,Greg,Liverpool,5719.9,Food,Returning,9,Card,In-person
1653,2024-04-09,Ben,Liverpool,8042.7,Furniture,Returning,21,Cash,In-person
1928,2025-01-06,David,Swansea,665.9,Food,New,17,Card,In-person
1236,2025-08-06,Rosie,Cardiff,9080.0,Clothing,Returning,25,Card,Online
1787,2025-05-06,Kate,Swansea,9907.0,Furniture,Returning,20,Card,In-person
1754,2023-11-05,Greg,Glasgow,1792.8,Food,Returning,1,Card,Online
1218,2024-09-18,Amy,Liverpool,5981.8,Food,New,24,Cash,In-person
1366,2023-10-24,Ben,Glasgow,1106.1,Food,New,25,Cash,In-person
1819,2023-11-15,Rosie,Glasgow,5469.5,Electronics,Returning,1,Cash,In-person
1611,2025-06-24,Kate,Cardiff,2392.7,Electronics,Returning,23,Card,In-person
1033,2025-03-10,Lillie,London,5666.7,Food,Returning,20,Card,Online
1938,2024-04-03,Rosie,Swansea,5259.0,Food,Returning,21,Cash,In-person
1536,2024-06-07,Mark,Liverpool,5219.0,Electronics,Returning,20,Card,Online
1364,2023-10-30,David,Manchester,7535.8,Food,New,15,Card,Online
1219,2023-03-07,Lillie,Liverpool,4669.4,Clothing,Returning,21,Card,In-person
1739,2024-01-21,David,Liverpool,9136.0,Food,New,22,Card,Online
1015,2024-12-17,David,London,8765.8,Electronics,New,5,Card,Online
1845,2025-07-03,Jack,London,9485.5,Furniture,New,18,Card,In-person
1429,2023-07-21,David,Belfast,564.5,Clothing,New,3,Card,Online
1329,2025-02-06,Greg,Swansea,3940.2,Electronics,New,1,Card,In-person
1885,2024-09-11,Jack,Belfast,7367.1,Electronics,Returning,20,Card,In-person
1005,2023-12-27,Rosie,Glasgow,1966.8,Food,New,16,Card,Online
1820,2025-05-29,Lillie,Cardiff,1006.7,Furniture,New,20,Cash,Online
1269,2025-09-09,Rosie,Belfast,182.9,Furniture,Returning,14,Card,Online
1706,2023-05-04,Lillie,Manchester,4033.9,Electronics,Returning,16,Cash,Online
1486,2024-11-12,Rosie,Belfast,267.9,Food,New,3,Cash,Online
1355,2024-07-29,Rosie,Glasgow,1722.3,Food,New,13,Cash,In-person
1769,2025-09-12,David,Glasgow,4519.7,Furniture,Returning,18,Cash,Online
1887,2024-05-24,Lillie,Glasgow,2038.0,Electronics,New,8,Cash,In-person
1658,2023-09-17,Lillie,Swansea,2288.3,Furniture,New,18,Card,In-person
1618,2024-12-31,Rosie,Glasgow,7414.3,Food,New,19,Cash,In-person
1344,2024-12-30,Amy,Liverpool,7701.1,Clothing,New,14,Cash,In-person
1174,2023-01-09,Ben,London,8958.6,Electronics,Returning,9,Cash,Online
1425,2024-08-25,David,Cardiff,2067.8,Furniture,Returning,19,Card,In-person
1717,2024-04-20,Jack,Manchester,8788.5,Furniture,New,4,Cash,In-person
1228,2025-07-04,Mark,Liverpool,4651.8,Furniture,New,17,Cash,In-person
1003,2024-07-22,Lillie,Liverpool,5095.6,Food,New,0,Card,In-person
1763,2025-03-05,Jack,Swansea,4610.7,Furniture,New,19,Cash,Online
1207,2023-11-07,Jack,Cardiff,2000.8,Food,Returning,20,Card,Online
1560,2025-11-27,Greg,Manchester,677.5,Electronics,New,18,Card,Online
1925,2024-10-08,Greg,Swansea,6166.4,Furniture,Returning,1,Cash,Online
1277,2025-07-12,Lillie,Glasgow,8760.6,Furniture,Returning,22,Card,Online
1533,2025-08-22,Lillie,Edinburgh,9274.8,Clothing,Returning,16,Card,In-person
1752,2025-09-16,Kate,Belfast,3772.2,Clothing,Returning,13,Cash,Online
1047,2025-12-30,David,Manchester,4747.5,Electronics,New,22,Card,Online
1628,2024-09-07,Kate,Liverpool,3172.5,Clothing,Returning,8,Card,Online
1569,2025-10-19,David,Manchester,9922.8,Electronics,Returning,21,Card,Online
1631,2025-03-09,Greg,Edinburgh,5634.7,Clothing,Returning,19,Card,In-person
1598,2025-09-16,Lillie,Swansea,431.9,Food,New,18,Cash,Online
1427,2024-12-31,Ben,Belfast,2076.0,Clothing,New,24,Card,In-person
1533,2023-01-16,Rosie,Liverpool,9148.4,Electronics,Returning,18,Card,Online
1096,2024-02-19,Lillie,Swansea,520.6,Clothing,New,11,Card,Online
1791,2023-02-12,David,Liverpool,1958.6,Furniture,Returning,25,Card,Online
1909,2023-01-29,Greg,London,9359.9,Food,Returning,5,Card,Online
1055,2024-09-13,Amy,Swansea,6031.9,Clothing,Returning,20,Card,In-person
1071,2024-05-01,Rosie,Manchester,6979.4,Furniture,Returning,3,Cash,Online
1591,2023-05-24,Amy,Edinburgh,6210.7,Electronics,Returning,10,Cash,In-person
1526,2024-11-05,Ben,Swansea,7658.9,Electronics,Returning,18,Card,Online
1409,2025-05-15,Mark,Glasgow,8155.3,Electronics,Returning,17,Card,In-person
1119,2023-07-24,Jack,Edinburgh,7435.6,Electronics,New,4,Cash,Online
1542,2024-01-16,Kate,London,1271.2,Furniture,Returning,4,Card,Online
1922,2024-04-01,Lillie,Glasgow,2182.8,Food,Returning,0,Cash,Online
1499,2023-02-28,Amy,Liverpool,1617.8,Food,Returning,1,Cash,Online
1581,2023-10-02,Jack,London,6276.4,Clothing,Returning,24,Cash,Online
1476,2023-06-29,Greg,Cardiff,3470.8,Electronics,Returning,16,Cash,In-person
1527,2024-05-13,Ben,Edinburgh,8532.3,Clothing,Returning,5,Card,Online
1165,2024-04-08,Kate,Belfast,9385.9,Electronics,New,12,Card,Online
1409,2024-08-16,David,Manchester,4854.5,Food,New,11,Card,In-person
1795,2023-10-13,Greg,Swansea,2257.5,Electronics,Returning,25,Card,In-person
1484,2023-10-03,Ben,Cardiff,9804.9,Electronics,New,25,Card,Online
1108,2024-05-04,Amy,Swansea,3073.9,Electronics,New,0,Card,Online
1409,2025-06-25,Amy,Belfast,656.7,Food,Returning,6,Cash,In-person
1031,2025-08-07,Greg,Edinburgh,8446.6,Electronics,New,2,Card,Online
1424,2024-04-28,Kate,Manchester,2430.2,Electronics,New,19,Cash,Online
1724,2023-05-24,Rosie,Liverpool,7075.3,Furniture,Returning,2,Cash,Online
1612,2025-06-22,Greg,Liverpool,7668.1,Electronics,New,20,Cash,Online
1804,2025-02-18,Kate,London,6403.5,Electronics,New,24,Card,Online
1727,2025-06-02,Jack,London,7277.1,Clothing,New,0,Cash,In-person
1126,2024-12-20,Amy,Glasgow,8625.4,Electronics,Returning,15,Card,In-person
1717,2024-08-22,Ben,London,631.4,Furniture,New,23,Card,Online
1987,2025-09-19,Jack,Cardiff,8016.3,Electronics,New,11,Cash,Online
1979,2023-07-25,Mark,Glasgow,6221.2,Food,Returning,22,Card,Online
1494,2024-10-09,Jack,London,5238.6,Furniture,New,15,Card,In-person
1791,2024-01-22,Ben,London,6067.6,Electronics,Returning,25,Card,Online
1230,2024-03-13,Greg,Swansea,7780.9,Furniture,New,11,Card,Online
1593,2025-01-27,David,Edinburgh,3052.4,Clothing,New,1,Card,In-person
1855,2024-11-02,Kate,Manchester,5793.7,Furniture,New,2,Card,Online
1062,2023-10-29,Greg,Liverpool,6552.7,Electronics,Returning,23,Card,In-person
1708,2024-11-20,Rosie,Swansea,7108.8,Clothing,Returning,18,Cash,In-person
1479,2025-04-03,David,Edinburgh,2096.6,Furniture,Returning,11,Cash,Online
1423,2023-01-30,Amy,London,2130.5,Clothing,New,19,Card,Online
1469,2023-05-11,Ben,Edinburgh,2107.9,Furniture,New,10,Card,In-person
1074,2023-08-29,David,Edinburgh,2997.3,Electronics,New,20,Card,In-person
1619,2024-10-08,Rosie,Cardiff,2876.8,Furniture,Returning,5,Card,In-person
1467,2023-10-08,Mark,Liverpool,9828.1,Furniture,New,14,Cash,Online
1529,2024-04-05,Jack,Liverpool,9710.9,Furniture,New,1,Card,Online
1108,2025-02-11,David,Manchester,6723.8,Clothing,New,10,Card,Online
1543,2023-01-11,Lillie,Cardiff,1755.4,Furniture,Returning,14,Card,In-person
1931,2023-05-11,Greg,London,5841.5,Clothing,Returning,25,Card,In-person
1491,2024-10-22,Jack,Edinburgh,3116.8,Clothing,New,5,Cash,Online
1961,2023-01-07,Kate,Manchester,6288.9,Electronics,Returning,6,Cash,In-person
1363,2024-06-19,Mark,Belfast,5031.2,Electronics,New,20,Cash,Online
1072,2023-09-22,Kate,Manchester,4835.6,Clothing,Returning,2,Cash,In-person
1420,2024-03-12,Jack,Swansea,8936.3,Clothing,Returning,11,Cash,In-person
1332,2025-12-21,Rosie,Swansea,9596.1,Clothing,New,10,Cash,In-person
1464,2024-06-15,Rosie,Cardiff,224.0,Food,Returning,3,Card,In-person
1523,2023-05-12,Lillie,Swansea,8237.3,Food,New,16,Cash,In-person
1424,2024-07-31,Kate,Glasgow,5629.5,Clothing,New,16,Card,In-person
1864,2025-10-26,Amy,Belfast,6862.8,Clothing,Returning,3,Card,Online
1884,2024-03-19,Kate,Glasgow,6423.1,Food,New,5,Card,In-person
1893,2025-10-08,Lillie,Liverpool,8890.2,Electronics,Returning,16,Card,Online
1328,2025-12-02,David,Glasgow,1431.1,Furniture,New,8,Cash,In-person
1751,2023-03-19,Mark,Manchester,1956.5,Food,New,0,Card,Online
1307,2023-08-30,Greg,Glasgow,5041.2,Electronics,New,11,Cash,Online
1986,2023-09-18,Amy,London,2800.6,Clothing,Returning,15,Card,Online
1097,2025-10-08,Ben,Glasgow,5768.7,Electronics,Returning,9,Card,In-person
1765,2025-11-19,David,Swansea,9890.6,Electronics,New,13,Card,In-person
1770,2023-01-17,Kate,Belfast,4208.9,Food,New,3,Card,In-person
1395,2024-09-10,Mark,Cardiff,3280.5,Electronics,Returning,23,Card,Online
1748,2024-09-12,Mark,Belfast,8412.5,Electronics,Returning,3,Card,In-person
1386,2024-09-15,Amy,Liverpool,133.3,Clothing,New,9,Cash,Online
1103,2025-09-07,Kate,Cardiff,5305.5,Food,Returning,3,Cash,In-person
1648,2024-06-15,Kate,Glasgow,3343.5,Clothing,Returning,24,Card,In-person
1643,2023-08-27,Lillie,Edinburgh,3898.8,Furniture,New,3,Cash,In-person
1808,2023-07-01,Jack,Cardiff,8711.1,Food,New,12,Cash,In-person
1147,2023-11-18,Kate,Glasgow,2552.4,Food,New,6,Card,In-person
1533,2025-10-01,Greg,Cardiff,469.8,Furniture,New,9,Cash,In-person
1216,2025-01-08,Amy,Edinburgh,3367.5,Food,New,4,Card,In-person
1732,2024-07-11,David,Cardiff,4669.7,Food,New,25,Cash,In-person
1895,2024-10-29,Amy,London,6341.6,Clothing,Returning,19,Cash,Online
1877,2024-01-09,Jack,Liverpool,9130.1,Clothing,Returning,4,Cash,Online
1091,2025-05-20,Mark,London,5094.4,Furniture,Returning,1,Card,Online
1966,2025-10-23,Mark,Manchester,641.2,Food,New,2,Card,Online
1882,2025-02-19,Amy,Edinburgh,3599.5,Food,Returning,1,Card,In-person
1209,2023-04-22,Amy,Manchester,1183.0,Furniture,Returning,25,Card,Online
1195,2025-01-18,David,Edinburgh,2108.3,Food,Returning,9,Card,In-person
1798,2025-01-31,Ben,Swansea,5699.4,Furniture,New,23,Cash,Online
1673,2023-04-08,Jack,Glasgow,6449.2,Electronics,New,22,Card,Online
1663,2024-06-24,Greg,Manchester,1291.9,Furniture,Returning,15,Card,In-person
1413,2023-09-21,Jack,Swansea,8538.0,Furniture,New,6,Cash,In-person
1256,2023-08-09,Lillie,Glasgow,8369.7,Electronics,New,2,Cash,In-person
1626,2025-06-12,Greg,Swansea,6105.5,Furniture,Returning,24,Card,In-person
1572,2023-09-28,Ben,Edinburgh,2982.3,Clothing,Returning,18,Cash,Online
1833,2025-10-12,Ben,Belfast,4703.6,Food,New,10,Card,Online
1765,2025-03-26,Amy,Belfast,4597.5,Furniture,New,12,Card,In-person
1183,2023-04-21,Amy,Edinburgh,9920.6,Clothing,Returning,7,Cash,In-person
1166,2023-02-19,Amy,Belfast,8656.6,Furniture,Returning,24,Card,In-person
1958,2023-11-07,Kate,Belfast,6723.2,Food,New,23,Cash,In-person
1807,2023-02-25,Rosie,Edinburgh,9925.5,Clothing,New,17,Cash,In-person
1189,2024-01-08,Ben,Belfast,1360.1,Electronics,Returning,22,Card,Online
1857,2025-04-30,Ben,Manchester,9188.6,Electronics,Returning,14,Card,In-person
1186,2023-01-02,Mark,Edinburgh,5525.5,Food,Returning,5,Cash,Online
1209,2023-09-19,Jack,Belfast,4379.5,Clothing,Returning,6,Cash,In-person
1561,2025-07-13,Mark,Edinburgh,5973.6,Furniture,Returning,14,Card,In-person
1450,2023-03-13,Lillie,Edinburgh,8696.8,Food,Returning,19,Card,In-person
1800,2025-08-20,Mark,Swansea,572.7,Clothing,Returning,1,Card,Online
1403,2024-10-31,Jack,Belfast,6640.2,Furniture,New,1,Card,In-person
1193,2023-07-19,Lillie,Belfast,9987.8,Clothing,New,17,Card,In-person
1700,2023-12-23,Mark,Swansea,3138.0,Electronics,New,2,Cash,Online
1758,2024-04-18,David,Glasgow,766.4,Food,Returning,13,Cash,In-person
1672,2024-11-02,Rosie,Liverpool,9170.7,Furniture,New,3,Cash,In-person
1708,2023-08-19,Mark,Manchester,2042.1,Electronics,Returning,11,Card,In-person
1694,2025-04-15,Greg,Liverpool,3946.8,Electronics,New,11,Cash,In-person
1423,2024-04-09,Greg,Liverpool,2968.3,Food,New,6,Card,In-person
1543,2024-04-03,Mark,Cardiff,207.3,Electronics,Returning,12,Card,Online
1837,2023-02-04,Amy,Manchester,1953.0,Food,New,9,Cash,In-person
1740,2025-11-27,Kate,Swansea,6783.3,Food,New,3,Cash,In-person
1341,2025-02-14,Kate,Glasgow,1684.6,Electronics,Returning,0,Cash,In-person
1802,2025-09-27,David,Edinburgh,450.7,Food,New,0,Card,In-person
1455,2023-10-09,David,Edinburgh,2339.2,Furniture,Returning,14,Card,In-person
1963,2023-04-22,Rosie,Belfast,126.4,Clothing,New,7,Card,Online
1078,2025-07-27,Rosie,Cardiff,2793.8,Electronics,New,17,Cash,In-person
1379,2025-07-31,Kate,Belfast,4107.3,Electronics,New,19,Cash,In-person
1612,2024-10-29,Jack,Swansea,7257.1,Furniture,Returning,0,Cash,Online
1144,2025-06-22,Greg,Liverpool,8223.9,Food,New,6,Cash,In-person
1216,2023-04-06,Jack,Glasgow,7080.9,Food,New,5,Card,In-person
1481,2023-08-30,Greg,Belfast,1501.5,Furniture,New,8,Card,In-person
1515,2023-06-07,Rosie,Manchester,7525.2,Electronics,Returning,5,Card,In-person
1275,2024-09-02,Mark,Manchester,9618.1,Electronics,New,17,Cash,Online
1906,2024-12-07,Ben,Glasgow,7445.6,Clothing,New,11,Card,In-person
1773,2023-09-04,Greg,Glasgow,433.9,Electronics,New,10,Card,In-person
1888,2025-01-02,Kate,Manchester,8644.8,Clothing,Returning,1,Cash,Online
1732,2023-02-12,Jack,Swansea,6455.8,Furniture,Returning,7,Card,In-person
1841,2025-12-13,Kate,Manchester,5319.6,Food,Returning,20,Cash,Online
1095,2025-06-04,Jack,Edinburgh,8494.0,Clothing,New,8,Cash,Online
1286,2023-02-16,Amy,Glasgow,4506.7,Furniture,Returning,10,Card,Online
1899,2023-09-30,Amy,Swansea,249.6,Food,Returning,0,Card,Online
1569,2024-05-23,David,London,3829.9,Food,Returning,21,Card,In-person
1550,2025-04-21,Jack,Swansea,9483.0,Clothing,New,17,Card,In-person
1951,2024-03-19,Rosie,Manchester,5580.8,Food,New,21,Cash,In-person
1447,2024-01-17,Kate,Manchester,4715.4,Food,Returning,22,Cash,Online
1698,2024-04-25,David,Swansea,1466.6,Clothing,New,10,Cash,In-person
1022,2023-01-16,Amy,Belfast,7471.6,Electronics,New,25,Card,Online
1065,2024-12-17,Ben,Swansea,3608.2,Furniture,Returning,12,Cash,In-person
1486,2024-04-11,Jack,Glasgow,5356.2,Clothing,Returning,14,Card,Online
1337,2025-08-30,Greg,Liverpool,3669.4,Electronics,New,17,Card,In-person
1173,2024-11-28,Jack,Manchester,2902.9,Furniture,Returning,18,Card,Online
1344,2023-08-03,David,Cardiff,160.2,Food,New,18,Card,Online
1530,2024-12-30,Rosie,Cardiff,6391.4,Furniture,New,16,Cash,In-person
1755,2024-08-25,Greg,Liverpool,137.4,Food,Returning,22,Cash,Online
1381,2024-01-30,Rosie,Manchester,742.7,Furniture,New,9,Cash,Online
1233,2025-02-18,David,Glasgow,5972.0,Electronics,New,0,Cash,Online
1785,2024-05-04,Mark,Glasgow,747.3,Furniture,Returning,0,Cash,In-person
1842,2024-09-05,Ben,Cardiff,5984.7,Furniture,New,15,Card,Online
1172,2023-07-24,David,Swansea,9209.9,Clothing,New,7,Card,Online
1283,2024-06-14,Lillie,Belfast,8223.7,Furniture,Returning,2,Cash,Online
1841,2025-10-18,David,Manchester,4507.8,Furniture,Returning,12,Card,Online
1929,2025-02-24,Jack,Liverpool,2260.8,Electronics,New,7,Card,In-person
1207,2024-09-11,Jack,Cardiff,2960.3,Electronics,Returning,11,Card,Online
1739,2023-02-26,Amy,Manchester,7351.4,Clothing,Returning,25,Card,Online
1937,2024-11-19,Amy,Swansea,1832.5,Furniture,New,16,Card,Online
1936,2025-11-01,Jack,Edinburgh,6358.0,Furniture,New,14,Card,Online
1440,2024-08-26,Kate,Edinburgh,2179.6,Electronics,New,15,Card,Online
1535,2025-05-21,Jack,Liverpool,7957.0,Clothing,Returning,7,Cash,Online
1118,2023-09-23,Mark,Belfast,2343.2,Furniture,New,24,Cash,Online
1494,2025-04-09,Jack,Belfast,7159.2,Clothing,New,7,Card,In-person
1531,2024-08-28,Greg,Edinburgh,9749.3,Clothing,New,17,Card,Online
1245,2024-04-26,Greg,Belfast,6264.1,Food,New,5,Card,In-person
1311,2025-04-10,Greg,London,7494.9,Clothing,Returning,19,Cash,Online
1573,2024-04-09,David,Cardiff,7166.7,Electronics,Returning,8,Cash,In-person
1448,2025-11-19,Jack,Cardiff,461.4,Clothing,New,10,Card,In-person
1369,2025-03-11,Jack,Swansea,6650.2,Furniture,Returning,3,Card,Online
1865,2025-07-24,Mark,London,5930.8,Furniture,Returning,13,Cash,Online
1185,2023-01-17,Lillie,Glasgow,7859.2,Electronics,New,25,Card,Online
1384,2023-04-15,Mark,Cardiff,8904.7,Food,Returning,4,Card,In-person
1275,2023-06-23,Rosie,Manchester,7526.2,Clothing,New,8,Card,In-person
1375,2024-08-11,Mark,Belfast,8253.5,Furniture,New,15,Card,Online
1287,2023-10-03,David,Cardiff,9025.1,Clothing,Returning,25,Card,Online
1767,2024-04-24,David,London,4040.8,Electronics,Returning,0,Card,Online
1703,2024-11-03,Ben,London,2726.4,Electronics,Returning,18,Card,Online
1824,2025-08-17,Amy,London,3411.6,Clothing,New,16,Cash,Online
1171,2024-04-13,David,Swansea,7833.5,Electronics,New,0,Cash,In-person
1819,2023-04-15,Lillie,London,8597.7,Clothing,New,20,Cash,In-person
1615,2025-05-31,Rosie,Manchester,8124.9,Electronics,Returning,4,Cash,Online
1245,2023-09-03,Rosie,Belfast,6812.5,Clothing,Returning,25,Cash,Online
1632,2025-01-16,Lillie,Glasgow,1878.8,Furniture,New,10,Cash,In-person
1575,2025-07-16,Rosie,Liverpool,670.6,Furniture,Returning,25,Cash,Online
1055,2025-11-01,Lillie,Cardiff,8409.1,Furniture,Returning,6,Cash,In-person
1843,2023-03-03,Ben,London,3040.9,Food,New,1,Card,In-person
1440,2023-01-01,Rosie,Swansea,3818.5,Furniture,New,24,Card,In-person
1200,2025-03-11,Amy,London,6800.4,Food,New,14,Card,In-person
1147,2024-08-20,Mark,Liverpool,5500.4,Food,New,19,Cash,Online
1383,2024-08-30,Mark,Manchester,451.6,Clothing,Returning,14,Card,Online
1889,2024-02-14,Ben,Manchester,556.6,Clothing,Returning,22,Cash,In-person
1087,2025-09-09,Greg,Swansea,3489.5,Electronics,New,3,Cash,Online
1863,2023-06-09,Lillie,Liverpool,4280.1,Food,New,15,Cash,In-person
1982,2023-07-24,David,Edinburgh,4601.0,Electronics,New,24,Cash,Online
1014,2023-02-14,Lillie,Manchester,8483.7,Food,New,1,Card,Online
1484,2024-03-29,Lillie,London,468.8,Food,Returning,5,Card,In-person
1794,2025-01-23,David,Liverpool,5482.0,Food,Returning,6,Cash,Online
1162,2024-12-20,Kate,Edinburgh,5839.7,Food,Returning,17,Card,Online
1759,2024-10-05,Lillie,Belfast,7103.2,Electronics,New,16,Card,Online
1622,2024-03-21,Jack,Cardiff,4233.4,Electronics,New,9,Cash,Online
1263,2024-02-07,Kate,Edinburgh,6553.0,Clothing,Returning,0,Cash,In-person
1401,2025-05-14,Jack,London,9153.8,Electronics,New,7,Cash,In-person
1832,2024-04-29,Rosie,Liverpool,7787.4,Food,New,22,Card,In-person
1716,2023-01-12,Jack,Belfast,2990.0,Clothing,Returning,20,Cash,In-person
1980,2024-03-27,Rosie,Belfast,9917.7,Food,Returning,24,Cash,Online
1718,2025-08-09,Amy,Liverpool,5755.5,Food,Returning,6,Cash,In-person
1536,2024-10-20,Amy,Cardiff,1324.3,Food,New,19,Card,In-person
1312,2025-08-04,David,Glasgow,9717.1,Electronics,New,5,Cash,In-person
1889,2023-01-05,Ben,Liverpool,7539.5,Clothing,New,18,Cash,In-person
1083,2023-03-02,Greg,Edinburgh,3810.9,Electronics,Returning,23,Cash,Online
1062,2024-06-04,Amy,London,7179.0,Electronics,Returning,15,Cash,In-person
1380,2024-08-31,Greg,Manchester,9660.8,Food,New,7,Card,Online
1341,2023-10-26,Rosie,London,4673.6,Food,New,11,Cash,Online
1670,2024-07-04,Rosie,Cardiff,1787.5,Electronics,Returning,10,Card,Online
1811,2023-01-11,Jack,Manchester,8450.2,Clothing,New,9,Cash,Online
1430,2024-11-30,Greg,Liverpool,5745.5,Clothing,Returning,21,Card,Online
1377,2024-06-27,Ben,Belfast,6051.5,Food,New,7,Cash,Online
1174,2023-09-16,Rosie,Cardiff,1547.4,Electronics,Returning,8,Card,In-person
1515,2023-07-20,Jack,Edinburgh,6426.7,Furniture,Returning,16,Card,Online
1647,2024-10-31,Mark,Manchester,3192.3,Electronics,Returning,6,Card,In-person
1172,2025-10-21,Lillie,Liverpool,9321.1,Furniture,Returning,8,Cash,In-person
1126,2024-10-15,Ben,Glasgow,6699.5,Clothing,Returning,12,Card,In-person
1246,2024-01-25,Rosie,Edinburgh,7459.8,Clothing,New,15,Cash,In-person
1906,2025-07-19,Amy,Manchester,1948.0,Clothing,New,19,Cash,Online
1162,2023-03-28,Greg,Glasgow,1199.4,Furniture,New,19,Cash,In-person
1834,2024-12-22,Mark,Glasgow,6841.0,Electronics,New,2,Cash,Online
1463,2024-09-12,Ben,London,9587.1,Furniture,Returning,15,Cash,Online
1830,2024-11-19,Jack,Belfast,2438.9,Furniture,New,0,Cash,Online
1315,2025-03-01,Mark,Swansea,5571.5,Clothing,Returning,7,Card,In-person
1931,2024-01-13,Greg,London,9484.5,Furniture,New,13,Card,Online
1392,2024-11-14,Kate,Liverpool,8954.1,Clothing,New,18,Card,In-person
1683,2023-12-01,Jack,Liverpool,6547.1,Clothing,Returning,14,Cash,In-person
1185,2023-11-20,Ben,Manchester,1987.1,Clothing,Returning,11,Cash,In-person
1385,2025-03-18,Kate,Edinburgh,997.5,Food,Returning,1,Card,Online
1193,2025-10-23,Greg,Liverpool,9510.7,Electronics,New,9,Cash,In-person
1791,2025-09-14,Amy,Liverpool,3941.2,Clothing,Returning,12,Card,In-person
1029,2023-05-24,Amy,Liverpool,5616.9,Food,New,20,Cash,In-person
1682,2025-04-04,Jack,Liverpool,1336.3,Furniture,Returning,19,Card,In-person
1193,2023-11-09,Lillie,Belfast,2271.6,Electronics,New,6,Card,Online
1792,2025-04-09,Greg,Manchester,4223.6,Food,New,19,Card,In-person
1587,2025-01-08,Rosie,Glasgow,1583.9,Electronics,Returning,25,Cash,In-person
1650,2025-01-16,David,Liverpool,6533.9,Clothing,New,10,Cash,Online
1478,2024-09-24,Kate,Manchester,3545.9,Electronics,New,14,Card,In-person
1730,2023-01-05,Mark,Glasgow,9269.1,Food,Returning,9,Card,In-person
1181,2024-01-21,Lillie,Belfast,8016.1,Clothing,Returning,1,Card,Online
1341,2025-04-28,David,London,1151.4,Electronics,Returning,22,Cash,In-person
1849,2025-07-08,Greg,Edinburgh,4855.8,Food,New,0,Card,Online
1296,2025-02-13,David,London,2101.9,Clothing,Returning,16,Cash,Online
1982,2025-01-31,Ben,Liverpool,8673.1,Clothing,Returning,6,Cash,In-person
1481,2025-12-08,Ben,London,9255.5,Clothing,Returning,2,Card,Online
1415,2024-04-10,Ben,Manchester,416.0,Food,New,14,Cash,In-person
1930,2024-07-14,Kate,London,6989.2,Furniture,Returning,15,Cash,In-person
1834,2024-10-12,Ben,Glasgow,505.9,Electronics,New,0,Cash,In-person
1727,2023-07-01,Amy,Swansea,3211.0,Clothing,Returning,12,Card,In-person
1295,2024-11-27,Kate,Swansea,4153.3,Furniture,Returning,6,Cash,Online
1382,2024-09-30,Greg,Cardiff,7376.4,Food,New,11,Card,In-person
1595,2023-10-01,Greg,Glasgow,566.0,Clothing,Returning,20,Card,In-person
1154,2024-11-04,Greg,Cardiff,3363.3,Clothing,New,12,Cash,Online
1382,2025-02-02,Ben,London,6481.1,Clothing,Returning,21,Card,In-person
1663,2023-04-16,Lillie,Glasgow,5830.1,Furniture,New,7,Card,Online
1497,2025-01-31,Greg,Liverpool,4391.2,Electronics,Returning,14,Cash,Online
1544,2025-04-14,Kate,Glasgow,1330.6,Furniture,Returning,7,Card,Online
1736,2023-05-03,Mark,Edinburgh,3036.5,Clothing,Returning,9,Cash,Online
1697,2024-08-17,Rosie,Edinburgh,8779.5,Electronics,New,13,Card,Online
1433,2025-05-30,Ben,Cardiff,1729.3,Food,New,17,Cash,In-person
1430,2023-08-20,Jack,Glasgow,7717.2,Clothing,New,15,Cash,Online
1399,2024-06-11,Amy,London,9492.7,Electronics,Returning,14,Cash,Online
1140,2025-03-30,Amy,London,9580.8,Food,New,24,Card,Online
1824,2024-01-03,Amy,Manchester,7494.5,Furniture,Returning,19,Cash,In-person
1300,2025-01-06,Jack,Glasgow,6049.9,Electronics,Returning,18,Card,In-person
1445,2023-02-05,David,Edinburgh,6735.3,Electronics,Returning,21,Cash,In-person
1434,2024-02-06,Lillie,Cardiff,6913.5,Food,Returning,15,Card,Online
1310,2023-09-20,Mark,Cardiff,1695.6,Food,Returning,8,Card,In-person
1396,2023-01-27,Ben,Edinburgh,2498.4,Electronics,New,5,Card,Online
1726,2023-04-26,Greg,Swansea,320.7,Electronics,New,24,Cash,In-person
1230,2025-09-12,Greg,Glasgow,7044.3,Food,New,15,Card,In-person
1106,2025-07-23,Rosie,Belfast,9191.3,Furniture,Returning,21,Cash,Online
1485,2023-01-13,Rosie,London,4992.2,Clothing,New,5,Cash,In-person
1400,2023-11-04,Ben,Belfast,3075.7,Clothing,New,1,Card,In-person
1026,2023-10-24,David,Belfast,9208.9,Furniture,New,18,Card,In-person
1495,2024-11-17,Jack,Belfast,7707.7,Clothing,Returning,8,Card,In-person
1212,2024-04-01,Ben,Manchester,6237.2,Furniture,Returning,23,Card,Online
1420,2024-09-05,Mark,Glasgow,2023.1,Furniture,New,16,Cash,Online
1160,2025-02-08,Lillie,Manchester,5888.3,Clothing,New,6,Card,In-person
1573,2025-08-02,Jack,Glasgow,4927.3,Food,New,16,Card,In-person
1795,2025-10-03,Ben,Manchester,9941.8,Electronics,Returning,24,Card,Online
1847,2023-02-14,Lillie,Glasgow,5157.3,Furniture,Returning,21,Cash,Online
1444,2023-12-28,Mark,Liverpool,2884.3,Electronics,New,24,Cash,In-person
1195,2025-05-30,Rosie,London,4694.5,Furniture,Returning,4,Cash,Online
1738,2024-03-11,Ben,London,8022.7,Clothing,Returning,12,Cash,In-person
1724,2024-08-24,Amy,Swansea,6041.8,Electronics,New,9,Cash,In-person
1983,2024-09-20,Ben,Liverpool,8540.0,Food,Returning,22,Cash,Online
1504,2025-08-03,Greg,Manchester,3125.0,Food,Returning,4,Card,In-person
1995,2025-11-10,Rosie,Manchester,6344.1,Furniture,Returning,18,Card,In-person
1243,2023-05-18,Amy,Glasgow,9245.0,Clothing,New,9,Card,In-person
1220,2024-04-24,Kate,Liverpool,2131.8,Clothing,New,12,Cash,Online
1747,2025-11-11,Jack,Swansea,9430.2,Furniture,Returning,11,Card,In-person
1960,2025-05-03,Mark,Swansea,4130.1,Clothing,Returning,19,Card,Online
1988,2025-07-24,Greg,Glasgow,3224.8,Clothing,New,21,Cash,In-person
1718,2024-10-10,Greg,Belfast,5337.0,Furniture,Returning,17,Card,Online
1704,2023-07-22,Mark,London,5322.4,Furniture,Returning,19,Cash,Online
1670,2023-04-03,David,Swansea,3248.5,Clothing,Returning,17,Card,In-person
1583,2023-10-21,Amy,Cardiff,191.0,Furniture,New,18,Cash,In-person
1919,2025-07-16,Amy,Liverpool,7014.5,Clothing,New,9,Card,In-person
1128,2023-11-20,Amy,Cardiff,2905.4,Electronics,New,7,Cash,Online
1420,2023-04-17,David,Liverpool,1742.3,Electronics,Returning,8,Card,In-person
1754,2024-12-31,David,Glasgow,2898.3,Food,New,2,Cash,In-person
1067,2023-09-14,Ben,Belfast,5055.6,Electronics,New,21,Cash,In-person
1389,2024-02-06,Amy,Edinburgh,3639.4,Furniture,Returning,14,Card,In-person
1653,2025-05-06,Rosie,London,9751.4,Electronics,New,2,Cash,In-person
1859,2024-02-06,Kate,Cardiff,4524.0,Food,New,12,Cash,Online
1474,2024-03-27,David,Cardiff,976.4,Electronics,Returning,1,Card,Online
1000,2025-06-07,Kate,Edinburgh,1519.8,Food,Returning,25,Cash,In-person
1197,2023-10-26,Ben,Swansea,1067.9,Electronics,Returning,11,Card,Online
1282,2023-05-11,Rosie,Glasgow,4498.6,Electronics,Returning,2,Card,In-person
1039,2025-11-10,Rosie,London,7054.4,Clothing,New,7,Card,In-person
1555,2024-08-02,Greg,Cardiff,5718.2,Clothing,Returning,11,Cash,In-person
1020,2025-07-16,Greg,Edinburgh,2094.6,Furniture,Returning,2,Card,Online
1218,2023-07-20,Ben,Cardiff,7476.6,Electronics,New,2,Card,In-person
1545,2024-03-14,Jack,Cardiff,7960.3,Electronics,New,10,Card,Online
1438,2023-06-02,David,London,8498.8,Clothing,New,6,Card,Online
1813,2023-02-21,David,Swansea,4414.0,Furniture,Returning,18,Card,Online
1919,2023-06-13,Jack,Glasgow,4336.6,Electronics,Returning,19,Cash,In-person
1366,2023-10-13,Greg,Belfast,9283.4,Furniture,Returning,1,Card,Online
1054,2025-06-09,Greg,Swansea,8839.4,Electronics,New,3,Card,In-person
1869,2024-11-11,Lillie,Cardiff,6424.8,Clothing,Returning,4,Card,Online
1708,2025-05-09,Lillie,Glasgow,2094.0,Food,Returning,11,Card,In-person
1470,2023-01-06,Amy,Belfast,8357.5,Clothing,Returning,19,Cash,Online
1674,2023-10-04,Jack,Belfast,4952.9,Furniture,New,9,Cash,Online
1861,2025-06-16,Kate,Manchester,3479.4,Food,Returning,24,Card,Online
1220,2023-10-09,Amy,Cardiff,458.7,Electronics,Returning,15,Cash,In-person
1935,2025-01-13,Mark,Cardiff,8816.3,Electronics,New,12,Card,Online
1956,2024-03-09,Lillie,Edinburgh,9710.7,Clothing,New,15,Cash,In-person
1051,2023-06-21,Mark,Edinburgh,3252.1,Clothing,New,24,Cash,In-person
1255,2023-07-17,Jack,Liverpool,5458.0,Electronics,New,18,Cash,Online
1207,2025-04-01,Kate,London,4029.3,Clothing,New,19,Cash,In-person
1369,2023-06-28,David,Swansea,4558.9,Clothing,Returning,23,Card,Online
1414,2025-03-10,Jack,Cardiff,4725.9,Furniture,Returning,7,Cash,Online
1596,2024-07-23,Greg,Manchester,8528.0,Clothing,Returning,21,Card,In-person
1904,2025-02-11,Amy,Edinburgh,1499.1,Electronics,Returning,22,Card,Online
1866,2023-04-30,Rosie,Manchester,8463.2,Food,Returning,12,Card,Online
1840,2025-03-21,Amy,Liverpool,9664.6,Clothing,Returning,0,Cash,Online
1557,2023-11-16,Jack,Glasgow,8140.7,Electronics,Returning,12,Card,In-person
1298,2024-08-31,Amy,Swansea,5014.3,Clothing,New,4,Card,Online
1239,2023-07-04,Jack,Manchester,2063.7,Electronics,New,11,Cash,In-person
1824,2025-08-16,Amy,Glasgow,7683.6,Electronics,Returning,17,Card,Online
1900,2025-09-04,Kate,London,3976.6,Electronics,Returning,16,Cash,In-person
1251,2024-04-15,David,London,8869.5,Clothing,Returning,3,Card,In-person
1906,2023-05-05,Amy,Glasgow,7847.2,Clothing,New,20,Cash,Online
1794,2023-07-03,Ben,Edinburgh,6902.3,Clothing,Returning,25,Cash,In-person
1352,2024-10-20,Lillie,Manchester,8880.5,Electronics,New,13,Cash,In-person
1447,2024-01-14,Rosie,London,5499.6,Furniture,New,7,Card,In-person
1513,2025-11-30,Kate,Liverpool,5878.3,Clothing,Returning,1,Cash,In-person
1991,2024-04-20,Amy,Cardiff,1104.6,Furniture,Returning,7,Cash,In-person
1418,2023-04-17,Jack,Glasgow,9250.7,Electronics,Returning,24,Cash,In-person
1886,2025-01-03,Kate,Swansea,5306.8,Food,Returning,5,Card,Online
1461,2023-05-20,Kate,Manchester,286.2,Furniture,New,17,Card,In-person
1888,2023-01-28,Jack,London,335.1,Electronics,Returning,6,Cash,In-person
1145,2024-07-24,Rosie,Manchester,4679.9,Electronics,New,19,Card,Online
1083,2023-10-04,Rosie,Liverpool,2765.5,Clothing,Returning,9,Cash,In-person
1346,2025-08-15,Greg,Cardiff,5499.5,Furniture,Returning,2,Cash,In-person
1389,2024-01-29,Jack,Edinburgh,9557.7,Clothing,New,20,Cash,In-person
1121,2023-03-29,David,Glasgow,1750.8,Food,New,3,Cash,Online
1311,2023-01-13,Jack,Edinburgh,1390.5,Clothing,New,12,Card,In-person
1194,2023-03-01,Jack,Glasgow,6316.6,Food,Returning,15,Cash,In-person
1082,2024-12-10,Kate,Glasgow,3579.6,Clothing,New,8,Card,Online
1374,2023-05-10,Amy,London,8710.7,Food,New,11,Card,In-person
1321,2024-05-02,Greg,Cardiff,1262.7,Furniture,Returning,16,Cash,Online
1002,2023-09-12,Lillie,Liverpool,1540.0,Clothing,New,1,Card,In-person
1981,2024-07-01,Mark,London,3800.0,Clothing,New,7,Cash,In-person
1830,2023-06-15,Ben,Liverpool,7047.3,Food,Returning,8,Cash,In-person
1757,2024-12-23,Ben,Edinburgh,7291.2,Food,Returning,17,Card,In-person
1544,2025-05-17,Mark,Cardiff,4500.7,Electronics,New,15,Card,In-person
1954,2024-01-24,Mark,Manchester,3741.1,Clothing,New,14,Card,In-person
1986,2024-11-10,Rosie,Swansea,7449.9,Electronics,New,22,Cash,In-person
1857,2025-03-23,David,Belfast,634.8,Clothing,New,13,Card,Online
1196,2024-03-19,Jack,Glasgow,165.3,Clothing,New,11,Card,Online
1477,2023-05-29,David,Swansea,7992.7,Clothing,Returning,12,Cash,Online
1115,2025-03-07,Ben,London,419.4,Food,Returning,8,Cash,In-person
1433,2024-09-23,Amy,Belfast,8409.2,Food,Returning,17,Cash,In-person
1841,2024-12-15,Kate,Cardiff,6585.7,Furniture,New,9,Cash,Online
1546,2023-04-09,Lillie,Manchester,770.2,Electronics,New,17,Card,Online
1630,2024-07-25,David,Glasgow,289.9,Clothing,Returning,7,Card,In-person
1065,2025-12-23,Amy,Liverpool,1080.5,Electronics,New,7,Cash,In-person
1535,2023-07-13,Lillie,Belfast,588.2,Furniture,New,12,Cash,Online
1730,2024-11-26,Ben,Belfast,3216.8,Electronics,New,7,Card,In-person
1216,2023-09-29,Rosie,Edinburgh,9856.3,Electronics,New,22,Cash,In-person
1051,2025-03-15,Ben,London,7104.2,Clothing,New,3,Cash,In-person
1132,2023-03-12,David,Belfast,411.2,Clothing,New,5,Card,In-person
1144,2024-03-11,Kate,Belfast,6353.6,Electronics,Returning,15,Cash,Online
1463,2024-08-27,Amy,London,8673.2,Clothing,Returning,8,Card,Online
1270,2025-04-24,Amy,Swansea,1685.1,Furniture,Returning,20,Cash,Online
1604,2024-06-08,Lillie,Belfast,411.9,Clothing,Returning,21,Cash,Online
1646,2023-02-06,Rosie,Cardiff,4830.9,Electronics,Returning,25,Card,Online
1140,2023-11-25,Greg,Edinburgh,1004.1,Food,Returning,12,Cash,Online
1828,2025-02-11,Greg,London,7696.3,Electronics,Returning,25,Card,In-person
1687,2024-11-02,Ben,Cardiff,8335.5,Food,Returning,18,Cash,Online
1171,2023-03-19,Amy,London,8111.1,Furniture,New,12,Cash,In-person
1285,2024-04-05,David,Manchester,4649.6,Electronics,New,6,Card,Online
1495,2025-06-21,Amy,Swansea,2127.3,Food,Returning,14,Cash,Online
1067,2023-07-24,Greg,Liverpool,3756.7,Food,Returning,10,Card,In-person
1844,2023-03-24,Kate,Cardiff,3434.3,Electronics,Returning,7,Cash,In-person
1901,2024-06-14,Kate,Glasgow,3392.8,Electronics,New,22,Card,In-person
1196,2023-03-09,Jack,Cardiff,7659.7,Electronics,New,5,Card,Online
1878,2023-01-07,Ben,Cardiff,8753.5,Food,Returning,3,Card,In-person
1577,2025-04-12,Ben,Edinburgh,712.2,Furniture,New,13,Cash,Online
1756,2025-01-02,Kate,Edinburgh,5991.6,Clothing,Returning,25,Cash,Online
1268,2023-09-29,Amy,Swansea,7540.1,Furniture,Returning,3,Card,Online
1148,2025-02-09,Kate,Belfast,5210.2,Electronics,New,3,Cash,Online
1023,2023-11-28,Mark,Glasgow,7951.4,Clothing,Returning,2,Cash,In-person
1211,2023-03-27,Jack,Glasgow,4400.3,Furniture,Returning,13,Card,In-person
1513,2023-06-08,Greg,Glasgow,5355.7,Food,New,24,Cash,In-person
1550,2024-07-04,Greg,Swansea,4963.4,Clothing,Returning,16,Cash,In-person
1064,2023-07-03,Rosie,Liverpool,5062.2,Electronics,New,16,Card,In-person
1628,2025-01-03,Amy,Glasgow,4322.3,Food,Returning,12,Card,Online
1741,2023-02-04,Kate,Cardiff,1749.6,Furniture,Returning,21,Card,Online
1746,2025-07-06,Greg,Manchester,9216.0,Clothing,New,24,Cash,Online
1029,2023-06-22,Lillie,Manchester,1000.8,Electronics,New,3,Card,Online
1871,2023-09-03,Amy,Edinburgh,7125.1,Electronics,New,0,Card,In-person
1265,2025-03-12,Greg,Swansea,6788.9,Food,Returning,15,Card,In-person
1205,2023-04-03,Greg,Edinburgh,3636.7,Food,New,9,Cash,Online
1136,2023-02-20,Lillie,Edinburgh,1466.3,Furniture,Returning,20,Card,Online
1762,2025-10-06,David,Glasgow,8131.9,Electronics,New,19,Cash,Online
1258,2025-06-28,Amy,Swansea,1756.2,Furniture,Returning,21,Cash,In-person
1149,2024-08-14,Greg,London,8628.8,Electronics,Returning,12,Card,In-person
1629,2025-12-30,Mark,Swansea,100.1,Electronics,New,25,Card,Online
1060,2023-09-27,Rosie,Cardiff,7827.7,Food,Returning,20,Cash,In-person
1328,2024-11-04,Greg,Belfast,9121.0,Clothing,Returning,17,Cash,In-person
1809,2024-06-04,David,London,5270.9,Furniture,Returning,15,Cash,Online
1042,2024-12-24,Rosie,Edinburgh,2052.9,Clothing,Returning,18,Cash,Online
1147,2023-07-15,Ben,Manchester,1992.0,Electronics,New,8,Cash,In-person
1291,2023-01-21,Jack,Glasgow,2202.7,Clothing,Returning,22,Cash,Online
1225,2024-11-09,Mark,Glasgow,7637.8,Clothing,New,7,Cash,Online
1740,2025-11-03,Jack,Cardiff,7567.8,Food,New,18,Cash,Online
1288,2023-05-16,Ben,Manchester,2510.1,Furniture,Returning,21,Cash,Online
1784,2024-10-22,Greg,Belfast,3297.4,Furniture,Returning,14,Cash,In-person
1269,2023-12-02,Lillie,Glasgow,8595.6,Furniture,Returning,2,Card,Online
1381,2025-09-26,Jack,Manchester,3865.3,Food,Returning,9,Cash,Online
1353,2023-10-11,Mark,Swansea,8021.7,Food,Returning,10,Card,In-person
1698,2023-12-16,Amy,Belfast,1802.0,Electronics,Returning,13,Cash,Online
1592,2023-04-12,Mark,Glasgow,1893.0,Electronics,New,18,Card,Online
1968,2023-06-18,Kate,Liverpool,4514.5,Electronics,New,16,Cash,In-person
1724,2023-12-16,Ben,Manchester,8215.7,Furniture,New,23,Cash,Online
1287,2023-10-30,Jack,Belfast,1803.9,Electronics,New,4,Card,Online
1508,2024-09-04,Jack,London,5415.7,Furniture,Returning,10,Cash,In-person
1264,2025-01-30,Kate,London,4655.2,Electronics,New,2,Card,Online
1258,2025-07-09,Kate,Edinburgh,8042.6,Clothing,New,14,Cash,In-person
1112,2025-12-14,Greg,Edinburgh,6010.2,Furniture,Returning,0,Card,In-person
1651,2023-08-05,Ben,London,726.0,Electronics,Returning,4,Card,Online
1083,2023-10-11,Jack,London,7979.2,Electronics,Returning,21,Card,In-person
1959,2023-12-24,Ben,Swansea,9440.3,Food,New,22,Cash,Online
1630,2023-06-25,Amy,Cardiff,9294.6,Clothing,Returning,13,Cash,In-person
1313,2024-11-27,Mark,Glasgow,9962.8,Food,New,18,Cash,In-person
1136,2023-09-25,Ben,London,7888.0,Food,Returning,22,Cash,Online
1130,2024-08-03,Rosie,Manchester,9103.1,Furniture,New,16,Cash,Online
1018,2024-02-20,Ben,Glasgow,775.2,Furniture,Returning,3,Card,In-person
1746,2024-02-02,Greg,Manchester,8650.3,Food,New,4,Cash,Online
1677,2023-01-21,David,Manchester,5692.5,Furniture,Returning,17,Card,In-person
1177,2025-09-23,Rosie,London,4485.4,Furniture,Returning,19,Card,Online
1708,2025-06-27,David,Liverpool,1690.9,Clothing,Returning,0,Cash,Online
1785,2025-03-12,Lillie,Swansea,6685.8,Furniture,New,14,Cash,In-person
1880,2025-07-01,Mark,Liverpool,7152.7,Food,New,11,Cash,In-person
1570,2025-07-25,Ben,Edinburgh,9960.2,Furniture,New,14,Card,In-person
1404,2025-10-09,Ben,Belfast,9208.9,Food,Returning,14,Cash,In-person
1963,2024-09-03,Greg,Edinburgh,7755.7,Clothing,New,21,Cash,Online
1570,2023-10-13,Greg,Glasgow,3450.6,Electronics,New,12,Cash,Online
1069,2025-03-25,David,Manchester,9063.5,Furniture,New,4,Card,In-person
1176,2024-08-20,Lillie,Glasgow,4310.5,Furniture,Returning,13,Card,Online
1822,2023-09-01,Mark,London,7950.2,Food,Returning,25,Card,Online
1097,2024-11-28,David,Glasgow,4021.9,Electronics,New,3,Cash,Online
1128,2023-01-08,Mark,Liverpool,8396.5,Clothing,Returning,15,Cash,In-person
1261,2024-02-25,David,London,7881.2,Food,New,14,Cash,In-person
1647,2024-08-29,Jack,Belfast,6103.6,Furniture,New,0,Card,Online
1883,2025-01-19,Rosie,Swansea,5077.9,Food,Returning,12,Cash,In-person
1063,2025-04-22,Rosie,Edinburgh,6861.3,Furniture,Returning,1,Card,In-person
1674,2024-07-07,Greg,Edinburgh,2190.6,Electronics,Returning,8,Card,Online
1635,2023-02-08,Jack,Glasgow,2041.1,Food,New,23,Card,Online
1141,2025-04-13,Amy,Edinburgh,5990.3,Clothing,Returning,3,Card,In-person
1538,2023-08-10,Rosie,London,5645.3,Clothing,Returning,12,Card,Online
1627,2023-01-30,Jack,Belfast,6787.1,Food,New,2,Cash,In-person
1014,2023-12-12,Jack,Cardiff,6989.8,Food,Returning,7,Cash,Online
1574,2025-09-29,Rosie,Cardiff,4577.0,Furniture,New,14,Cash,In-person
1532,2024-01-11,Amy,Edinburgh,4823.9,Clothing,Returning,0,Cash,In-person
1858,2025-10-13,Rosie,Manchester,9384.2,Electronics,New,15,Card,Online
1629,2023-09-03,Kate,Swansea,1431.0,Furniture,Returning,3,Card,Online
1274,2023-03-22,Amy,Edinburgh,595.1,Electronics,Returning,18,Card,Online
1898,2024-03-19,Jack,Manchester,6730.1,Electronics,Returning,12,Card,In-person
1787,2024-05-30,Amy,Manchester,262.8,Furniture,New,15,Cash,In-person
1094,2025-05-19,David,Edinburgh,7045.5,Clothing,New,12,Cash,Online
1120,2025-12-08,David,Liverpool,5092.0,Food,New,17,Card,Online
1727,2023-11-28,Ben,Manchester,5543.3,Clothing,Returning,16,Cash,In-person
1642,2023-03-22,David,Belfast,1050.2,Furniture,New,7,Card,Online
1514,2025-01-06,David,Cardiff,3510.5,Food,Returning,21,Card,In-person
1924,2023-11-29,Amy,London,5944.7,Clothing,Returning,8,Cash,Online
1625,2023-04-23,Mark,Edinburgh,6965.2,Clothing,Returning,23,Cash,In-person
1853,2025-10-11,Greg,Belfast,5688.2,Furniture,New,16,Card,In-person
1685,2023-01-16,Greg,Liverpool,995.0,Furniture,Returning,5,Cash,In-person
1617,2025-08-12,Rosie,Liverpool,2983.2,Furniture,Returning,4,Cash,In-person
1539,2024-02-01,Kate,Belfast,9676.7,Furniture,Returning,19,Card,In-person
1808,2024-12-15,Kate,Edinburgh,9456.9,Food,Returning,16,Cash,In-person
1609,2023-04-03,Amy,Manchester,404.7,Furniture,New,0,Card,Online
1746,2023-11-10,Greg,Edinburgh,5559.1,Clothing,Returning,19,Cash,Online
1236,2025-08-07,Lillie,Belfast,7539.7,Food,New,2,Card,In-person
1915,2024-09-22,Rosie,Edinburgh,594.6,Electronics,New,20,Cash,Online
1094,2023-03-22,Jack,Manchester,4668.8,Clothing,Returning,3,Cash,In-person
1451,2024-06-22,Amy,Glasgow,561.2,Furniture,Returning,1,Card,In-person
1357,2024-09-09,Rosie,Glasgow,9104.2,Furniture,New,7,Card,Online
1020,2025-03-12,Kate,Belfast,4339.6,Food,Returning,3,Cash,In-person
1946,2023-01-06,Rosie,Cardiff,9882.0,Food,Returning,13,Cash,Online
1077,2025-02-18,Mark,Liverpool,1969.1,Food,New,17,Cash,In-person
1315,2025-01-05,Kate,Swansea,4388.1,Food,New,14,Cash,In-person
1305,2025-03-27,Mark,London,9468.9,Furniture,New,4,Card,Online
1020,2024-08-15,Amy,Edinburgh,9148.1,Furniture,New,7,Card,In-person
1353,2023-05-09,Lillie,Liverpool,8682.2,Electronics,New,15,Cash,In-person
1787,2025-08-02,Mark,Glasgow,2666.8,Electronics,Returning,4,Cash,In-person
1563,2025-01-16,Kate,Edinburgh,1777.4,Electronics,Returning,14,Card,Online
1728,2025-01-14,Lillie,Swansea,3483.5,Clothing,New,8,Cash,Online
1067,2025-11-27,Jack,Manchester,2324.9,Food,New,0,Card,In-person
1016,2025-04-03,Ben,Edinburgh,3633.4,Food,New,21,Cash,Online
1474,2024-07-15,Kate,Glasgow,8145.8,Food,New,12,Card,In-person
1812,2023-02-04,Kate,Edinburgh,5739.4,Electronics,Returning,18,Cash,Online
1855,2023-02-11,David,Glasgow,1651.9,Clothing,New,18,Card,Online
1662,2023-11-08,Jack,Glasgow,1176.4,Electronics,New,12,Cash,Online
1334,2024-07-09,Mark,Edinburgh,5076.0,Clothing,Returning,12,Cash,In-person
1911,2025-09-20,Greg,Belfast,8551.3,Furniture,New,11,Card,In-person
1266,2025-05-17,Rosie,Belfast,5925.2,Electronics,New,1,Card,Online
1770,2025-04-15,Kate,London,4554.3,Clothing,Returning,5,Card,In-person
1306,2025-04-26,Rosie,Liverpool,3078.5,Electronics,Returning,14,Cash,Online
1282,2025-04-27,Mark,Belfast,2638.3,Clothing,Returning,4,Cash,Online
1947,2024-03-21,Ben,Glasgow,9729.1,Electronics,Returning,18,Cash,Online
1110,2023-02-19,Jack,Manchester,9688.8,Food,Returning,0,Cash,In-person
1520,2023-04-03,Greg,Glasgow,5209.6,Clothing,New,4,Cash,In-person
1580,2025-12-04,David,Edinburgh,6675.8,Electronics,Returning,17,Cash,Online
1849,2024-04-30,David,Manchester,1229.0,Electronics,Returning,9,Cash,In-person
1855,2023-12-12,Mark,Glasgow,5398.0,Furniture,Returning,11,Cash,In-person
1060,2023-02-07,Jack,Manchester,4579.1,Clothing,New,20,Cash,Online
1888,2023-04-14,Lillie,Swansea,7915.0,Electronics,Returning,19,Card,Online
1254,2024-04-19,David,Manchester,8552.9,Clothing,Returning,22,Cash,In-person
1752,2025-04-02,Jack,Belfast,9861.6,Furniture,New,13,Card,In-person
1928,2023-02-26,Jack,Cardiff,7826.9,Electronics,New,4,Card,Online
1776,2023-06-23,Greg,Belfast,7796.6,Furniture,Returning,24,Cash,Online
1907,2025-07-14,Kate,Glasgow,1376.6,Furniture,Returning,13,Cash,In-person
1412,2025-12-14,Jack,Cardiff,5106.6,Electronics,New,1,Card,In-person
1345,2023-11-11,Greg,Glasgow,2785.4,Clothing,Returning,16,Card,In-person
1960,2023-11-10,Kate,Edinburgh,6192.5,Clothing,Returning,6,Cash,In-person
1650,2023-11-10,Greg,Cardiff,8244.6,Electronics,Returning,5,Card,In-person
1031,2024-05-30,Rosie,Liverpool,7152.7,Furniture,New,19,Card,Online
1973,2023-09-25,Lillie,London,5517.7,Clothing,Returning,25,Card,In-person
1877,2025-03-13,Kate,Swansea,9844.9,Food,Returning,24,Card,In-person
1417,2023-02-07,Ben,Glasgow,6230.1,Clothing,Returning,11,Card,Online
1211,2024-02-19,Lillie,London,8631.1,Furniture,Returning,23,Cash,Online
1360,2025-07-01,Ben,Glasgow,1418.0,Furniture,New,20,Card,In-person
1970,2025-09-09,Jack,Edinburgh,1411.9,Clothing,Returning,4,Cash,Online
1283,2024-10-31,Amy,London,2794.4,Furniture,Returning,21,Cash,Online
1062,2025-12-18,Amy,Belfast,356.5,Clothing,Returning,25,Card,In-person
1031,2024-12-03,Ben,Swansea,9525.0,Electronics,New,21,Cash,Online
1316,2024-09-20,Lillie,Swansea,6946.4,Clothing,New,23,Card,Online
1580,2023-02-12,Rosie,London,2057.1,Furniture,Returning,18,Cash,In-person
1428,2023-06-16,Jack,London,3993.0,Electronics,New,3,Cash,In-person
1439,2024-06-17,Ben,Manchester,1636.3,Food,Returning,11,Cash,Online
1896,2023-08-02,Rosie,Liverpool,2863.7,Food,New,10,Cash,Online
1864,2024-03-30,David,Swansea,4741.1,Clothing,New,2,Card,In-person
1136,2023-07-27,Lillie,Swansea,3012.9,Electronics,New,6,Card,Online
1655,2025-05-07,Ben,Swansea,2938.8,Food,New,14,Cash,In-person
1986,2024-01-12,Greg,Manchester,6582.0,Electronics,New,18,Card,In-person
1491,2024-05-07,David,Edinburgh,5761.4,Electronics,Returning,14,Cash,Online
1079,2023-04-03,Rosie,London,9249.2,Clothing,Returning,3,Card,Online
1831,2024-07-08,Greg,Belfast,7428.5,Food,New,19,Cash,In-person
1798,2025-02-15,Kate,Swansea,1246.7,Clothing,Returning,14,Card,Online
1019,2025-01-04,Rosie,Cardiff,2750.4,Furniture,Returning,2,Card,In-person
1432,2024-10-02,Kate,Liverpool,3275.5,Food,New,4,Card,In-person
1267,2024-02-02,David,Manchester,5487.0,Clothing,Returning,0,Card,Online
1191,2024-12-30,Mark,Glasgow,737.6,Electronics,Returning,10,Card,In-person
1461,2024-06-21,Ben,Edinburgh,2467.5,Electronics,New,2,Card,In-person
1050,2025-10-16,Amy,Belfast,2096.5,Clothing,Returning,15,Card,In-person
1728,2025-11-22,Jack,Glasgow,9836.4,Clothing,Returning,13,Cash,Online
1752,2023-09-10,Lillie,Manchester,8501.1,Furniture,New,10,Card,In-person
1822,2025-10-22,Kate,Cardiff,3073.9,Food,New,8,Card,In-person
1167,2024-02-08,Mark,Belfast,8948.4,Clothing,New,8,Card,Online
1145,2025-01-19,Ben,Belfast,5377.1,Clothing,Returning,10,Card,Online
1339,2023-05-28,Greg,Manchester,2886.5,Food,New,2,Card,In-person
1491,2023-04-19,Ben,Swansea,5866.6,Furniture,New,6,Cash,In-person
1124,2023-03-04,Rosie,Swansea,4743.2,Electronics,New,6,Cash,In-person
1188,2025-07-08,David,Belfast,7769.8,Furniture,New,12,Card,In-person
1792,2025-01-15,Mark,Swansea,1924.1,Furniture,Returning,19,Cash,Online
1793,2025-02-18,Amy,Glasgow,8856.8,Furniture,Returning,6,Card,In-person
1303,2023-03-19,David,Belfast,7698.3,Food,New,13,Card,Online
1055,2025-09-08,Ben,London,198.2,Electronics,Returning,6,Card,In-person
1996,2025-11-26,Rosie,London,5947.3,Clothing,Returning,2,Card,Online
1641,2024-07-30,Greg,Cardiff,9927.5,Furniture,Returning,4,Cash,Online
1221,2025-06-24,Amy,Cardiff,631.1,Electronics,Returning,10,Card,In-person
1878,2025-05-03,Rosie,Belfast,6059.7,Clothing,Returning,13,Cash,In-person
1807,2024-06-08,Greg,Liverpool,1889.2,Furniture,New,12,Cash,In-person
1621,2024-12-08,Rosie,Belfast,5385.9,Furniture,Returning,2,Card,Online
1222,2024-07-19,Amy,Manchester,7461.6,Furniture,Returning,25,Cash,In-person
1265,2024-05-16,David,Liverpool,9504.4,Furniture,New,6,Cash,In-person
1572,2024-11-02,Rosie,London,5297.4,Furniture,New,9,Cash,In-person
1691,2024-10-07,David,Glasgow,6608.7,Food,New,7,Cash,In-person
1480,2025-05-26,Ben,London,8944.7,Furniture,New,7,Card,Online
1864,2024-10-06,Jack,Edinburgh,5927.0,Furniture,Returning,12,Card,In-person
1160,2024-09-08,Rosie,Manchester,8202.6,Furniture,Returning,24,Card,In-person
1447,2023-01-08,Amy,Manchester,9972.8,Furniture,New,18,Card,Online
1517,2023-02-17,Lillie,Swansea,998.4,Food,New,1,Card,In-person
1581,2025-11-08,Greg,Cardiff,8495.6,Electronics,New,10,Cash,In-person
1213,2024-08-27,Kate,Edinburgh,6693.1,Furniture,Returning,6,Cash,Online
1733,2025-11-26,Kate,Belfast,9238.5,Food,New,18,Cash,Online
1472,2025-02-03,Kate,Glasgow,9203.7,Electronics,New,2,Card,In-person
1335,2024-04-24,David,Edinburgh,7458.6,Furniture,New,2,Cash,In-person
1340,2024-02-20,Kate,Manchester,9770.2,Clothing,New,12,Cash,Online
1979,2024-09-24,Amy,Swansea,2996.7,Clothing,New,15,Card,In-person
1710,2023-01-23,Mark,Swansea,227.1,Food,New,16,Card,Online
1038,2024-01-29,Rosie,Cardiff,131.8,Furniture,New,6,Cash,Online
1473,2025-10-05,Rosie,Glasgow,5228.6,Food,New,18,Card,Online
1919,2023-07-29,Greg,Glasgow,7344.1,Clothing,Returning,12,Card,In-person
1160,2023-03-28,David,Belfast,6909.8,Food,Returning,0,Cash,In-person
1932,2023-06-12,Amy,Edinburgh,9677.6,Electronics,New,18,Cash,In-person
1474,2023-07-04,Jack,Belfast,4179.3,Food,New,0,Cash,Online
1431,2024-11-21,Ben,Liverpool,8517.0,Electronics,Returning,17,Card,Online
1787,2025-10-29,Rosie,Liverpool,6452.0,Clothing,Returning,3,Card,Online
1565,2025-12-26,Kate,Cardiff,5803.3,Clothing,New,1,Cash,Online
1974,2025-02-27,Greg,Swansea,5786.2,Furniture,Returning,9,Cash,Online
1555,2023-12-13,Greg,Glasgow,2978.6,Food,Returning,15,Card,In-person
1563,2023-07-06,Mark,Liverpool,5816.2,Food,New,13,Cash,Online
1517,2025-10-24,Mark,Manchester,7679.4,Electronics,New,9,Card,Online
1965,2024-03-29,Lillie,Swansea,2456.9,Electronics,New,1,Card,Online
1839,2023-12-27,Jack,Cardiff,3710.6,Food,New,1,Card,In-person
1472,2025-07-05,David,Manchester,1101.1,Food,Returning,25,Card,In-person
1871,2025-12-28,Lillie,Cardiff,4044.2,Electronics,New,19,Card,In-person
1127,2024-01-16,Lillie,Glasgow,7498.2,Food,Returning,14,Card,Online
1803,2023-01-23,Amy,Liverpool,2943.6,Furniture,New,23,Cash,Online
1016,2023-08-04,Mark,Manchester,8119.9,Clothing,New,15,Cash,Online
1753,2023-11-25,Kate,Liverpool,4599.5,Furniture,Returning,18,Card,In-person
1032,2025-03-09,Amy,Belfast,8070.0,Furniture,Returning,0,Cash,Online
1246,2024-07-27,Jack,Manchester,669.9,Clothing,Returning,0,Cash,Online
1472,2023-03-11,Jack,Cardiff,8719.6,Furniture,Returning,1,Card,Online
1244,2025-12-15,Lillie,Swansea,5780.1,Clothing,Returning,7,Cash,In-person
1638,2025-10-02,Kate,Glasgow,1128.4,Furniture,New,12,Cash,Online
1993,2025-04-26,David,Cardiff,6156.8,Electronics,Returning,15,Cash,In-person
1478,2025-02-18,Kate,Manchester,1476.3,Food,New,10,Card,Online
1771,2023-11-14,Jack,Belfast,9945.2,Food,Returning,13,Cash,In-person
1843,2024-01-14,Rosie,Glasgow,8604.2,Clothing,New,5,Cash,In-person
1363,2025-02-25,Jack,Swansea,7753.4,Food,Returning,6,Cash,Online
1876,2023-08-01,Rosie,Cardiff,9542.2,Furniture,Returning,4,Cash,In-person
1770,2025-01-15,Greg,Swansea,2041.0,Furniture,New,7,Card,Online
1574,2024-02-01,David,Swansea,7823.4,Food,New,0,Card,Online
1310,2025-05-31,Mark,London,6406.1,Furniture,New,4,Card,Online
1451,2023-05-25,Jack,Belfast,5320.4,Clothing,Returning,0,Card,In-person
1142,2025-07-28,Rosie,Belfast,3000.3,Electronics,New,20,Cash,In-person
1982,2024-03-30,Amy,Swansea,8194.4,Clothing,Returning,20,Cash,Online
1115,2024-02-16,David,Liverpool,9115.4,Electronics,New,1,Card,In-person
1433,2025-05-03,Ben,Liverpool,256.3,Food,New,15,Card,Online
1860,2023-09-16,Kate,Liverpool,4216.2,Food,New,19,Cash,Online
1155,2025-01-01,Amy,Swansea,2142.6,Clothing,Returning,11,Card,In-person
1273,2025-06-09,Jack,London,5478.8,Furniture,New,3,Cash,Online
1745,2023-02-23,Greg,Manchester,9410.1,Clothing,New,1,Cash,Online
1520,2023-09-25,Kate,Manchester,3278.3,Food,New,5,Card,Online
1775,2024-05-16,Jack,Glasgow,8961.4,Furniture,Returning,10,Cash,Online
1310,2025-04-04,Rosie,Edinburgh,5494.2,Furniture,Returning,23,Cash,In-person
1037,2024-04-13,Ben,Manchester,7773.7,Clothing,New,25,Cash,Online
1580,2024-10-21,Lillie,Manchester,4676.5,Furniture,Returning,22,Card,In-person
1556,2024-05-14,Kate,Liverpool,5008.5,Food,New,23,Card,Online
1816,2025-05-07,Mark,Manchester,4104.4,Furniture,New,22,Card,Online
1474,2024-01-18,Jack,Belfast,534.0,Electronics,Returning,16,Cash,Online
1521,2024-10-05,Greg,London,3968.1,Electronics,Returning,12,Card,Online
1494,2023-01-05,Ben,Liverpool,3878.1,Electronics,Returning,1,Card,In-person
1563,2023-04-24,Ben,Swansea,9940.6,Clothing,Returning,5,Cash,Online
1492,2024-06-09,Amy,Manchester,9608.3,Clothing,Returning,3,Cash,In-person
1615,2024-12-21,Amy,London,535.3,Food,New,2,Card,In-person
1905,2024-02-01,Greg,Edinburgh,7790.3,Furniture,Returning,22,Cash,In-person
1220,2025-11-28,Lillie,Glasgow,6172.4,Electronics,Returning,22,Card,Online
1344,2023-01-16,Mark,Swansea,1653.7,Clothing,Returning,22,Card,In-person
1493,2023-06-16,Rosie,Cardiff,2852.9,Food,Returning,15,Card,In-person
1794,2023-10-24,David,Edinburgh,5621.4,Electronics,New,16,Card,In-person
1082,2023-04-24,Ben,Glasgow,8965.0,Food,Returning,24,Card,In-person
1148,2023-11-27,Amy,Belfast,4831.4,Electronics,New,8,Cash,In-person
1337,2025-11-07,Rosie,Glasgow,4722.3,Food,Returning,7,Card,In-person
1116,2024-11-11,Ben,Edinburgh,4193.0,Electronics,Returning,18,Cash,Online
1809,2023-11-04,Amy,Cardiff,3308.1,Electronics,Returning,7,Card,Online
1726,2023-03-23,Lillie,Glasgow,3276.9,Furniture,Returning,12,Cash,Online
1927,2023-07-08,Amy,Edinburgh,5117.3,Furniture,Returning,4,Card,In-person
1152,2023-09-30,Kate,Belfast,5321.6,Electronics,New,2,Card,In-person
1825,2025-02-08,Kate,Cardiff,4408.4,Clothing,New,0,Card,Online
1214,2024-09-24,David,Swansea,5311.6,Furniture,New,22,Card,Online
1081,2025-06-17,Jack,Manchester,4387.0,Electronics,Returning,6,Card,Online
1286,2025-01-01,Jack,Cardiff,6415.2,Food,New,17,Card,In-person
1866,2024-11-17,David,Manchester,6403.6,Furniture,New,19,Card,Online
1513,2023-03-02,Amy,Manchester,1696.3,Electronics,New,10,Card,In-person
1614,2024-12-18,Amy,Belfast,6967.9,Clothing,New,6,Cash,Online
1336,2024-04-01,Kate,Manchester,9270.8,Electronics,New,2,Card,In-person
1609,2024-08-21,David,Swansea,123.0,Food,New,2,Cash,In-person
1576,2025-08-11,Amy,Cardiff,9093.2,Clothing,Returning,2,Cash,Online
1019,2023-08-03,Amy,Belfast,698.9,Clothing,Returning,13,Cash,In-person
1098,2025-03-03,Ben,London,3807.7,Electronics,Returning,5,Cash,In-person
1463,2025-12-13,Kate,Glasgow,8920.0,Clothing,Returning,5,Card,Online
1928,2025-12-19,Greg,Manchester,5096.7,Clothing,Returning,8,Card,Online
1943,2025-08-25,Jack,Belfast,2528.8,Electronics,New,4,Cash,In-person
1292,2024-01-06,David,Belfast,6692.6,Furniture,New,10,Cash,Online
1258,2025-11-20,Rosie,Swansea,9353.1,Food,New,7,Card,In-person
1488,2024-07-31,Kate,Belfast,2857.9,Clothing,New,17,Cash,In-person
1704,2023-05-07,Mark,Edinburgh,6714.0,Electronics,Returning,3,Cash,Online
1256,2024-06-07,Greg,Glasgow,906.5,Electronics,Returning,5,Cash,Online
1951,2023-11-10,Amy,London,7067.9,Furniture,Returning,8,Cash,Online
1001,2023-12-25,Lillie,Edinburgh,6178.0,Furniture,New,23,Cash,Online
1295,2024-02-24,Rosie,London,5001.5,Electronics,Returning,6,Cash,In-person
1086,2023-01-12,Jack,Cardiff,5450.7,Electronics,New,11,Card,In-person
1094,2023-01-24,Mark,Cardiff,4130.6,Furniture,Returning,9,Card,In-person
1465,2025-02-28,Ben,Edinburgh,5061.1,Clothing,Returning,5,Card,In-person
1486,2023-09-25,Mark,London,9702.3,Electronics,Returning,10,Card,In-person
1152,2025-04-20,Ben,Liverpool,3421.2,Clothing,New,23,Cash,In-person
1672,2023-06-27,Amy,Manchester,3000.8,Electronics,Returning,14,Card,In-person
1562,2024-01-09,Kate,Edinburgh,4565.8,Food,New,2,Card,In-person
1179,2024-12-31,Ben,Edinburgh,7266.5,Clothing,Returning,7,Cash,In-person
1213,2024-08-28,Ben,Liverpool,7469.1,Electronics,New,21,Cash,Online
1880,2025-09-29,Amy,Liverpool,9928.7,Electronics,Returning,2,Card,In-person
1570,2024-07-28,Rosie,Liverpool,6487.0,Clothing,New,24,Card,Online
1579,2025-03-27,Amy,Swansea,2197.1,Electronics,Returning,23,Card,Online
1212,2025-06-05,David,Cardiff,9368.8,Furniture,Returning,9,Cash,Online
1206,2024-08-24,Kate,Edinburgh,5415.5,Food,New,20,Card,In-person
1989,2023-07-17,Jack,Liverpool,9721.5,Clothing,Returning,12,Cash,In-person
1314,2025-09-27,Rosie,Swansea,6481.4,Electronics,New,6,Cash,Online
1524,2023-03-04,Greg,Belfast,703.9,Food,New,13,Cash,Online
1925,2025-12-24,Lillie,Edinburgh,6390.2,Furniture,New,12,Cash,Online
1032,2025-06-20,Jack,Edinburgh,7670.5,Furniture,New,22,Card,In-person
1060,2024-06-17,Ben,Liverpool,3863.7,Electronics,Returning,24,Cash,Online
1641,2025-10-18,Greg,Cardiff,4079.6,Food,Returning,7,Cash,Online
1393,2024-12-24,David,Glasgow,7354.1,Furniture,Returning,16,Card,Online
1001,2023-04-18,Greg,London,9260.3,Food,Returning,9,Card,Online
1588,2025-10-12,Amy,Glasgow,4068.1,Clothing,Returning,6,Cash,Online
1173,2025-03-10,Greg,Swansea,693.0,Clothing,New,14,Cash,Online
1572,2024-03-04,Mark,Cardiff,4423.5,Furniture,Returning,3,Cash,Online
1065,2024-08-04,Jack,Belfast,3502.3,Food,New,1,Card,Online
1071,2024-11-13,Greg,Manchester,6877.7,Food,New,8,Card,Online
1577,2023-03-20,Greg,Edinburgh,5538.3,Clothing,New,20,Cash,In-person
1869,2023-02-19,Greg,Cardiff,7356.7,Clothing,New,20,Cash,Online
1280,2024-02-03,Mark,Cardiff,3804.5,Furniture,Returning,19,Card,Online
1756,2025-06-26,Ben,Glasgow,5292.2,Clothing,New,24,Cash,Online
1663,2025-02-15,David,Edinburgh,5763.3,Electronics,New,8,Cash,Online
1366,2024-01-07,Greg,Manchester,5198.8,Furniture,New,1,Cash,Online
1392,2023-02-20,Amy,Manchester,3732.2,Food,New,13,Cash,In-person
1729,2024-04-30,Kate,Cardiff,1283.9,Food,Returning,25,Cash,In-person
1532,2025-06-18,David,Cardiff,4386.1,Clothing,New,21,Card,Online
1745,2025-12-24,Rosie,Manchester,6730.8,Electronics,New,9,Card,Online
1643,2025-10-04,Rosie,Edinburgh,9358.3,Electronics,New,21,Cash,Online
1518,2024-07-02,Mark,Liverpool,569.7,Food,New,14,Cash,Online
1743,2025-08-14,Rosie,Edinburgh,3421.3,Food,New,8,Card,Online
1885,2024-11-04,Ben,Glasgow,130.0,Clothing,New,2,Card,Online
1095,2025-08-01,Rosie,London,1513.5,Clothing,New,24,Card,Online
1698,2025-01-03,Amy,Liverpool,2540.0,Clothing,New,18,Cash,Online
1700,2023-12-21,Mark,Swansea,2448.3,Clothing,New,24,Cash,Online
1995,2023-01-31,Amy,Glasgow,5332.6,Food,Returning,23,Card,Online
1889,2024-01-12,Jack,Edinburgh,1765.8,Clothing,New,15,Cash,In-person
1346,2023-03-25,Mark,Belfast,7563.7,Furniture,New,15,Card,Online
1814,2024-02-21,Ben,Glasgow,314.9,Food,New,7,Card,Online
1258,2025-10-23,Amy,London,3432.8,Furniture,Returning,23,Card,Online
1819,2025-01-11,Amy,Manchester,7786.8,Furniture,New,4,Cash,Online
1417,2023-03-23,Ben,Swansea,2937.4,Food,Returning,19,Cash,Online
1943,2024-12-20,Ben,London,8958.4,Furniture,New,24,Card,In-person
1380,2024-03-17,Lillie,Manchester,8763.3,Clothing,New,19,Cash,Online
1311,2025-04-25,Mark,Cardiff,7264.8,Food,New,17,Cash,Online
1171,2025-01-02,Jack,Belfast,5073.5,Clothing,Returning,22,Card,In-person
1389,2025-02-13,Mark,Liverpool,8931.2,Electronics,New,7,Card,Online
1812,2023-04-25,Greg,Glasgow,6673.6,Food,Returning,0,Cash,In-person
1225,2024-02-04,Mark,London,9060.6,Clothing,New,15,Cash,In-person
1525,2025-06-03,Ben,Glasgow,1663.3,Furniture,Returning,4,Card,In-person
1146,2025-03-31,Lillie,Glasgow,3709.9,Food,New,11,Cash,In-person
1000,2024-01-20,Greg,Belfast,3099.7,Electronics,Returning,22,Cash,In-person
1730,2025-01-16,Amy,Manchester,3910.7,Furniture,New,25,Cash,Online
1475,2023-03-07,Amy,Manchester,3727.8,Clothing,Returning,0,Card,Online
1794,2025-04-19,Jack,Cardiff,4352.9,Clothing,Returning,18,Cash,Online
1003,2023-10-13,Mark,Cardiff,5204.1,Electronics,Returning,21,Cash,In-person
1888,2024-11-14,Rosie,Swansea,8141.8,Food,Returning,22,Card,In-person
1147,2023-09-06,Amy,Belfast,4106.3,Food,New,2,Cash,Online
1101,2025-11-02,Jack,Swansea,2577.6,Clothing,Returning,12,Cash,In-person
1547,2024-11-21,David,Glasgow,4950.3,Electronics,Returning,4,Cash,Online
1211,2023-09-30,Jack,Manchester,5760.8,Electronics,Returning,11,Card,In-person
1448,2023-01-25,Ben,London,5244.7,Electronics,New,14,Cash,Online
1004,2024-12-29,David,Manchester,7980.8,Electronics,New,24,Card,In-person
1286,2023-01-15,Ben,Cardiff,6523.1,Furniture,Returning,19,Card,In-person
1795,2024-11-29,Jack,Edinburgh,6582.7,Furniture,Returning,3,Card,Online
1000,2023-07-15,Rosie,London,4806.3,Clothing,Returning,23,Card,In-person
1724,2025-12-14,Jack,Edinburgh,8357.1,Clothing,New,23,Card,In-person
1018,2023-01-31,Greg,Liverpool,6691.5,Clothing,Returning,18,Card,In-person
1924,2025-03-05,Ben,London,5625.9,Clothing,Returning,3,Card,In-person
1520,2023-10-17,Lillie,Cardiff,676.2,Food,Returning,20,Card,Online
1849,2024-12-17,Rosie,Swansea,1343.4,Electronics,Returning,16,Cash,Online
1430,2023-10-08,Amy,Manchester,7886.7,Furniture,Returning,22,Cash,In-person
1169,2024-05-20,Mark,Belfast,1971.8,Electronics,New,13,Cash,In-person
1191,2023-08-19,Greg,Glasgow,1732.9,Food,New,22,Card,Online
1837,2023-12-02,David,London,6201.1,Furniture,New,14,Cash,Online
1983,2024-09-29,Rosie,Swansea,3835.9,Furniture,New,9,Card,Online
1434,2025-03-15,Jack,London,2629.2,Food,Returning,22,Card,Online
1415,2025-09-06,Amy,Cardiff,9517.5,Furniture,New,4,Cash,Online
1532,2024-02-13,Rosie,Cardiff,2365.1,Furniture,New,19,Card,In-person
1850,2024-07-22,David,Manchester,3546.9,Electronics,New,12,Cash,Online
1059,2024-10-06,Lillie,London,6689.8,Food,New,19,Card,In-person
1462,2024-03-20,Jack,Cardiff,5282.2,Furniture,New,17,Card,Online
1234,2025-07-22,Ben,Glasgow,1556.3,Food,Returning,10,Cash,In-person
1664,2023-07-22,Lillie,Belfast,853.1,Electronics,New,15,Cash,Online
1453,2024-07-25,Mark,London,3258.7,Furniture,New,11,Cash,Online
1827,2023-02-12,Kate,Edinburgh,1041.2,Food,Returning,5,Card,In-person
1432,2025-05-02,Kate,Edinburgh,9281.8,Furniture,Returning,9,Cash,In-person
1887,2025-02-08,Amy,Cardiff,7881.2,Clothing,New,11,Cash,In-person
1958,2023-09-27,Amy,Manchester,5179.2,Clothing,Returning,7,Card,Online
1942,2025-07-04,Kate,London,9697.0,Furniture,Returning,23,Card,Online
1801,2023-07-05,Greg,Manchester,4035.8,Food,Returning,10,Card,In-person
1835,2024-05-10,David,Swansea,1669.9,Food,Returning,20,Cash,Online
1278,2024-05-14,Mark,Liverpool,3086.3,Clothing,New,12,Cash,Online
1770,2025-04-08,Amy,Manchester,8432.4,Furniture,New,23,Card,In-person
1719,2024-01-30,Mark,Liverpool,7876.2,Furniture,New,7,Card,Online
1593,2024-11-10,Kate,Belfast,8830.1,Clothing,Returning,17,Card,Online
1499,2024-12-12,Ben,Edinburgh,702.6,Electronics,New,10,Cash,In-person
1093,2025-05-21,Greg,Swansea,9539.3,Clothing,New,2,Card,In-person
1025,2023-09-22,Rosie,Manchester,7971.6,Furniture,New,25,Card,In-person
1367,2023-08-01,Ben,Edinburgh,6513.7,Furniture,Returning,9,Cash,Online
1217,2023-05-31,Greg,Glasgow,5030.7,Electronics,Returning,14,Cash,Online
1820,2023-06-29,Greg,London,1258.9,Food,New,13,Cash,Online
1170,2025-10-09,Jack,Glasgow,6911.7,Electronics,New,3,Card,In-person
1162,2023-03-21,Lillie,Edinburgh,7638.0,Food,New,5,Card,Online
1878,2023-08-24,Mark,Glasgow,5659.1,Furniture,New,25,Card,Online
1456,2024-12-16,Lillie,Glasgow,1387.3,Furniture,Returning,5,Card,In-person
1175,2025-01-13,Mark,London,7227.5,Furniture,New,9,Card,In-person
1718,2025-11-21,Greg,Liverpool,725.2,Food,New,19,Card,In-person
1116,2024-01-06,Kate,Liverpool,3718.5,Electronics,Returning,23,Card,Online
1821,2025-11-09,Mark,Glasgow,931.9,Food,New,0,Card,In-person
1673,2024-09-25,Greg,Edinburgh,6437.8,Furniture,Returning,23,Cash,In-person
1914,2025-08-08,Mark,Cardiff,3442.1,Food,New,9,Card,In-person
1620,2025-05-04,Lillie,Edinburgh,8611.5,Electronics,Returning,21,Cash,Online
1770,2023-02-08,Amy,Cardiff,4211.6,Electronics,Returning,17,Card,In-person
1436,2023-01-12,Kate,London,8855.7,Electronics,Returning,9,Card,Online
1277,2025-01-28,Rosie,Manchester,4970.7,Food,New,2,Card,Online
1953,2024-04-17,Rosie,Glasgow,8730.1,Food,Returning,12,Card,Online
1519,2025-05-11,Ben,Edinburgh,9151.3,Food,Returning,20,Cash,In-person
1574,2023-08-09,Ben,Liverpool,1572.4,Furniture,New,6,Cash,Online
1584,2024-09-13,Greg,London,9485.9,Electronics,New,16,Card,Online
1458,2025-05-14,Lillie,Cardiff,6344.2,Clothing,Returning,13,Card,Online
1815,2025-08-10,Jack,London,7013.5,Electronics,New,13,Cash,Online
1170,2025-08-17,Ben,London,8405.7,Furniture,Returning,7,Cash,In-person
1181,2023-03-05,Amy,Glasgow,6746.6,Clothing,Returning,4,Card,Online
1428,2024-07-09,Rosie,Belfast,9323.7,Furniture,Returning,14,Card,In-person
1084,2023-03-24,Kate,Liverpool,2521.6,Furniture,Returning,24,Card,Online
1811,2025-03-20,Jack,London,2981.0,Electronics,New,1,Cash,Online
1372,2023-11-16,Lillie,Edinburgh,2409.7,Furniture,New,0,Card,Online
1493,2024-07-24,Greg,Manchester,3300.7,Furniture,New,17,Cash,In-person
1468,2024-06-06,Ben,Glasgow,785.3,Food,Returning,2,Card,In-person
1605,2025-05-26,Greg,Belfast,8200.2,Furniture,New,13,Cash,Online
1002,2023-10-27,David,London,5124.0,Furniture,Returning,20,Card,Online
1222,2025-07-02,David,Glasgow,3074.5,Food,New,18,Card,Online
1299,2024-12-10,Ben,Manchester,1964.4,Electronics,Returning,12,Cash,In-person
1386,2023-10-04,Jack,Edinburgh,4220.9,Electronics,New,18,Cash,In-person
1046,2025-09-01,Mark,Glasgow,956.4,Food,Returning,8,Cash,Online
1403,2024-05-18,Jack,Manchester,2843.1,Electronics,New,19,Cash,Online
1635,2024-12-09,Jack,Belfast,432.7,Furniture,New,18,Card,Online
1474,2023-10-29,Rosie,Cardiff,4425.7,Furniture,New,14,Cash,Online
1120,2024-09-06,Mark,Edinburgh,9890.6,Furniture,New,24,Cash,Online
1242,2025-12-25,Jack,Edinburgh,7825.9,Clothing,New,25,Card,In-person
1615,2024-08-15,Lillie,Manchester,9115.5,Clothing,Returning,22,Cash,In-person
1824,2024-05-03,Amy,London,5897.4,Clothing,Returning,4,Cash,In-person
1031,2024-05-22,Jack,Glasgow,7152.2,Food,New,8,Card,Online
1238,2024-02-02,David,Manchester,6653.4,Clothing,Returning,11,Cash,In-person
1791,2024-07-28,Kate,Edinburgh,4954.8,Food,New,17,Cash,In-person
1912,2023-01-27,Kate,Edinburgh,415.6,Electronics,Returning,13,Cash,In-person
1729,2024-10-27,Ben,Glasgow,2372.1,Furniture,Returning,25,Cash,Online
1313,2023-11-24,Jack,Glasgow,7033.7,Furniture,New,22,Card,In-person
1268,2023-08-21,Mark,Manchester,7049.9,Electronics,New,23,Card,In-person
1247,2025-06-26,Lillie,Swansea,3109.1,Furniture,New,19,Cash,Online
1940,2025-08-14,David,Manchester,3838.6,Food,Returning,5,Card,Online
1191,2025-09-18,Greg,Cardiff,1461.5,Furniture,New,19,Card,In-person
1685,2025-07-14,David,Cardiff,3136.4,Electronics,Returning,5,Card,Online
1842,2025-06-24,Kate,Manchester,1516.1,Food,Returning,19,Card,Online
1211,2023-05-30,Amy,Cardiff,7510.1,Food,Returning,12,Card,Online
1879,2024-09-21,Jack,Cardiff,9941.3,Furniture,New,1,Cash,Online
1915,2024-08-31,Ben,Edinburgh,4256.3,Furniture,Returning,13,Card,Online
1458,2023-12-12,Rosie,Glasgow,9562.1,Food,New,21,Cash,Online
1275,2024-05-06,David,Swansea,197.7,Furniture,Returning,9,Cash,In-person
1908,2025-07-04,David,Belfast,3769.9,Electronics,New,12,Cash,Online
1058,2024-09-02,Ben,London,1276.3,Food,Returning,7,Cash,In-person
1979,2024-07-27,Ben,London,6775.8,Clothing,New,5,Cash,Online
1317,2024-03-13,Lillie,Manchester,2121.9,Furniture,Returning,22,Card,Online
1655,2024-12-17,Greg,Swansea,2473.3,Food,Returning,9,Cash,In-person
1919,2023-12-10,Mark,Liverpool,9564.3,Clothing,New,19,Card,In-person
1636,2024-06-01,Amy,Glasgow,7597.8,Clothing,New,1,Card,In-person
1680,2025-01-18,Kate,Belfast,4814.9,Clothing,Returning,5,Card,In-person
1895,2023-03-12,Amy,Swansea,4560.5,Electronics,New,0,Card,Online
1572,2025-02-05,Ben,Manchester,2416.2,Clothing,Returning,24,Card,Online
1620,2025-04-16,Kate,Swansea,1918.3,Electronics,New,4,Card,In-person
1022,2024-09-09,Mark,London,6162.2,Furniture,Returning,15,Cash,Online
1982,2024-08-16,Greg,Cardiff,2857.7,Clothing,New,2,Card,In-person
1679,2025-12-07,Jack,Belfast,8757.3,Electronics,Returning,20,Cash,In-person
1089,2025-01-12,Kate,Liverpool,7416.8,Electronics,Returning,9,Card,In-person
1931,2023-09-29,Mark,Cardiff,6683.7,Furniture,New,15,Card,In-person
1545,2025-01-18,Greg,Glasgow,6801.0,Clothing,New,19,Card,In-person
1209,2025-03-27,Greg,London,7886.9,Furniture,New,16,Cash,Online
1129,2025-11-18,Greg,Belfast,9582.9,Furniture,New,14,Cash,Online
1700,2025-01-25,David,London,2174.2,Furniture,Returning,10,Card,Online
1875,2024-08-13,Amy,Glasgow,5330.0,Electronics,Returning,17,Cash,Online
1402,2023-06-20,Amy,Edinburgh,6518.7,Furniture,New,21,Card,Online
1759,2023-11-05,Jack,Glasgow,6661.7,Electronics,Returning,8,Card,In-person
1737,2023-05-04,Ben,London,3290.5,Clothing,Returning,25,Cash,Online
1059,2023-06-27,Amy,Manchester,9342.7,Electronics,New,23,Card,In-person
1773,2025-01-08,Kate,Liverpool,2769.6,Furniture,Returning,22,Card,Online
1398,2025-08-04,Ben,Cardiff,3756.4,Clothing,Returning,6,Card,Online
1853,2024-12-22,Lillie,Liverpool,4720.2,Food,Returning,8,Card,In-person
1168,2024-12-26,Jack,Manchester,5740.3,Electronics,New,17,Card,Online
1047,2023-01-15,Ben,London,8868.2,Furniture,New,5,Card,Online
1195,2024-01-05,Amy,Manchester,3165.5,Furniture,New,1,Cash,In-person
1488,2024-09-03,Rosie,Belfast,7827.1,Furniture,New,9,Card,In-person
1094,2025-04-08,Rosie,Glasgow,5344.5,Furniture,New,8,Card,In-person
1181,2025-06-20,Mark,Edinburgh,2966.1,Clothing,Returning,12,Cash,In-person
1873,2023-11-28,Kate,Swansea,860.5,Electronics,Returning,14,Card,Online
1714,2024-07-22,Amy,London,5761.9,Clothing,New,23,Card,Online
1198,2025-12-17,Mark,Edinburgh,3495.9,Electronics,New,24,Cash,Online
1873,2023-05-28,Kate,Edinburgh,4047.9,Clothing,Returning,10,Cash,In-person
1891,2025-07-03,David,Swansea,4905.7,Clothing,New,11,Card,Online
1521,2024-09-24,Greg,Glasgow,8632.1,Food,Returning,3,Cash,Online
1964,2023-06-20,David,Edinburgh,6990.0,Electronics,New,0,Card,Online
1248,2025-09-11,Ben,Manchester,2594.1,Clothing,Returning,13,Card,In-person
1047,2023-12-01,Kate,Glasgow,5230.4,Furniture,Returning,1,Card,Online
1694,2024-11-02,Amy,Swansea,9231.9,Food,New,23,Card,In-person
1838,2023-09-04,Kate,Manchester,2386.5,Food,New,18,Cash,In-person
1526,2023-03-22,Greg,Edinburgh,8705.7,Clothing,Returning,18,Cash,In-person
1816,2023-04-06,Jack,Manchester,7328.6,Food,New,4,Card,Online
1891,2023-01-06,David,Glasgow,7570.8,Clothing,Returning,8,Card,Online
1454,2024-10-06,Greg,Manchester,2757.2,Furniture,Returning,17,Card,Online
1643,2025-06-26,Rosie,Liverpool,1947.5,Electronics,Returning,13,Card,Online
1888,2025-12-23,Mark,London,2544.2,Food,Returning,9,Card,In-person
1541,2025-12-23,Lillie,Manchester,2636.9,Food,New,6,Card,In-person
1569,2024-03-09,Jack,Belfast,8005.4,Clothing,Returning,3,Card,Online
1792,2023-08-02,Rosie,Manchester,1285.1,Electronics,Returning,7,Cash,Online
1935,2023-08-10,Amy,Edinburgh,2369.7,Furniture,New,25,Cash,Online
1870,2024-01-19,Ben,Cardiff,6273.7,Electronics,Returning,11,Cash,Online
1165,2024-09-28,Greg,Swansea,2654.1,Electronics,Returning,19,Cash,Online
1932,2024-01-10,Kate,Cardiff,4691.7,Electronics,Returning,5,Cash,Online
1388,2025-04-09,Kate,Swansea,9489.3,Clothing,Returning,7,Cash,Online
1498,2025-08-09,David,London,9142.3,Clothing,New,8,Card,In-person
